"Month","Historical Sea Level Anomaly"
"Jan",29.974505791304356
"Feb",33.74368175217392
"Mar",52.46857221739129
"Apr",59.84832504347827
"May",51.98741008695652
"Jun",20.50937827826087
"Jul",-21.5890414173913
"Aug",-38.5999466
"Sep",-0.6172576939130429
"Oct",64.03979529130434
"Nov",92.82593186956521
"Dec",60.174235304347825